module	file	line	class	field	verdict
identity-service	identity-service/src/main/java/com/pml/identity/domain/model/AuditLog.java	57	AuditLog	resourceId	PERSISTED_UNWRITTEN
identity-service	identity-service/src/main/java/com/pml/identity/domain/model/AuditLog.java	62	AuditLog	resourceType	PERSISTED_UNWRITTEN
identity-service	identity-service/src/main/java/com/pml/identity/domain/model/AuditLog.java	72	AuditLog	clientIp	PERSISTED_UNWRITTEN
identity-service	identity-service/src/main/java/com/pml/identity/domain/model/Organization.java	286	Organization	adminNotes	PERSISTED_UNWRITTEN
identity-service	identity-service/src/main/java/com/pml/identity/domain/model/OrganizationMember.java	134	OrganizationMember	removedAt	PERSISTED
identity-service	identity-service/src/main/java/com/pml/identity/domain/model/PayoutConfigAuditLog.java	72	PayoutConfigAuditLog	ipAddress	PERSISTED
identity-service	identity-service/src/main/java/com/pml/identity/domain/model/PayoutConfigAuditLog.java	82	PayoutConfigAuditLog	previousPayoutMethod	PERSISTED
identity-service	identity-service/src/main/java/com/pml/identity/domain/model/PayoutConfigAuditLog.java	87	PayoutConfigAuditLog	newPayoutMethod	PERSISTED
identity-service	identity-service/src/main/java/com/pml/identity/domain/model/PayoutConfigAuditLog.java	93	PayoutConfigAuditLog	previousAccountDetails	PERSISTED
identity-service	identity-service/src/main/java/com/pml/identity/domain/model/PayoutConfigAuditLog.java	99	PayoutConfigAuditLog	newAccountDetails	PERSISTED
identity-service	identity-service/src/main/java/com/pml/identity/domain/model/PayoutConfigAuditLog.java	104	PayoutConfigAuditLog	verificationChanged	PERSISTED
identity-service	identity-service/src/main/java/com/pml/identity/domain/model/PayoutConfigAuditLog.java	109	PayoutConfigAuditLog	previousVerified	PERSISTED
identity-service	identity-service/src/main/java/com/pml/identity/domain/model/PayoutConfigAuditLog.java	114	PayoutConfigAuditLog	newVerified	PERSISTED
identity-service	identity-service/src/main/java/com/pml/identity/domain/model/PayoutConfigAuditLog.java	126	PayoutConfigAuditLog	success	PERSISTED
identity-service	identity-service/src/main/java/com/pml/identity/domain/model/User.java	219	User	createdBy	PERSISTED_UNWRITTEN
identity-service	identity-service/src/main/java/com/pml/identity/domain/model/User.java	222	User	updatedBy	PERSISTED
identity-service	identity-service/src/main/java/com/pml/identity/web/rest/InternalOtpController.java	185	OtpRequestResult	success	WRITE_ONLY
identity-service	identity-service/src/main/java/com/pml/identity/web/rest/dto/SyncResponse.java	22	SyncResponse	success	WIRE
identity-service	identity-service/src/main/java/com/pml/identity/workflow/notify/NotificationWorkflow.java	46	Delivery	notificationId	WRITE_ONLY
identity-service	identity-service/src/main/java/com/pml/identity/workflow/onboarding/OrganizerOnboardingWorkflow.java	58	Submission	applicantId	WRITE_ONLY
identity-service	identity-service/src/main/java/com/pml/identity/workflow/onboarding/OrganizerOnboardingWorkflow.java	71	View	sagaStep	WRITE_ONLY
identity-service	identity-service/src/main/java/com/pml/identity/workflow/onboarding/OrganizerOnboardingWorkflow.java	72	View	sagaFailure	WRITE_ONLY
identity-service	identity-service/src/main/java/com/pml/identity/workflow/usersync/UserSyncWorkflow.java	39	Change	occurredAtMillis	WRITE_ONLY
identity-service	identity-service/src/main/java/com/pml/identity/workflow/usersync/UserSyncWorkflow.java	44	Progress	duplicates	WRITE_ONLY
identity-service	identity-service/src/main/java/com/pml/identity/workflow/usersync/UserSyncWorkflow.java	44	Progress	recentEventIds	WRITE_ONLY
catalog-service	catalog-service/src/main/java/com/pml/catalog/domain/model/Event.java	341	Event	deletedAt	PERSISTED
catalog-service	catalog-service/src/main/java/com/pml/catalog/domain/model/Event.java	352	Event	deletionReason	PERSISTED
catalog-service	catalog-service/src/main/java/com/pml/catalog/workflow/approval/EventApprovalWorkflow.java	88	View	claimHolderId	WRITE_ONLY
catalog-service	catalog-service/src/main/java/com/pml/catalog/workflow/approval/EventApprovalWorkflow.java	88	View	claimExpiresAtMillis	WRITE_ONLY
catalog-service	catalog-service/src/main/java/com/pml/catalog/workflow/lifecycle/EventLifecycleWorkflow.java	68	View	startsAtMillis	WRITE_ONLY
booking-service	booking-service/src/main/java/com/pml/booking/domain/model/BankAccount.java	111	BankAccount	updatedBy	PERSISTED_UNWRITTEN
booking-service	booking-service/src/main/java/com/pml/booking/domain/model/ChargebackRecord.java	223	ChargebackRecord	reasonDetails	PERSISTED_UNWRITTEN
booking-service	booking-service/src/main/java/com/pml/booking/domain/model/ChargebackRecord.java	269	ChargebackRecord	evidenceSubmittedAt	PERSISTED
booking-service	booking-service/src/main/java/com/pml/booking/domain/model/ChargebackRecord.java	280	ChargebackRecord	disputeNotes	PERSISTED
booking-service	booking-service/src/main/java/com/pml/booking/domain/model/ChargebackRecord.java	310	ChargebackRecord	primaryFundSource	PERSISTED
booking-service	booking-service/src/main/java/com/pml/booking/domain/model/ChargebackRecord.java	332	ChargebackRecord	commissionClawbackAmount	PERSISTED_UNWRITTEN
booking-service	booking-service/src/main/java/com/pml/booking/domain/model/ChargebackRecord.java	346	ChargebackRecord	recoveryJournalEntryId	PERSISTED_UNWRITTEN
booking-service	booking-service/src/main/java/com/pml/booking/domain/model/CommissionRecord.java	94	CommissionRecord	pendingAt	PERSISTED
booking-service	booking-service/src/main/java/com/pml/booking/domain/model/CommissionRecord.java	96	CommissionRecord	earnedAt	PERSISTED
booking-service	booking-service/src/main/java/com/pml/booking/domain/model/CommissionRecord.java	98	CommissionRecord	clawedBackAt	PERSISTED
booking-service	booking-service/src/main/java/com/pml/booking/domain/model/CommissionRecord.java	105	CommissionRecord	pendingJournalEntryId	PERSISTED_UNWRITTEN
booking-service	booking-service/src/main/java/com/pml/booking/domain/model/CommissionRecord.java	106	CommissionRecord	earnedJournalEntryId	PERSISTED
booking-service	booking-service/src/main/java/com/pml/booking/domain/model/CommissionRecord.java	107	CommissionRecord	cancelJournalEntryId	PERSISTED
booking-service	booking-service/src/main/java/com/pml/booking/domain/model/CommissionRecord.java	108	CommissionRecord	clawbackJournalEntryId	PERSISTED
booking-service	booking-service/src/main/java/com/pml/booking/domain/model/EventEscrowAccount.java	199	EventEscrowAccount	openedAt	PERSISTED
booking-service	booking-service/src/main/java/com/pml/booking/domain/model/PaymentAttempt.java	120	PaymentAttempt	attemptType	PERSISTED
booking-service	booking-service/src/main/java/com/pml/booking/domain/model/PaymentAttempt.java	293	PaymentAttempt	apiResponseBody	PERSISTED_UNWRITTEN
booking-service	booking-service/src/main/java/com/pml/booking/domain/model/PaymentAttempt.java	312	PaymentAttempt	webhookPayload	PERSISTED_UNWRITTEN
booking-service	booking-service/src/main/java/com/pml/booking/domain/model/PaymentAttempt.java	435	PaymentAttempt	clientUserAgent	PERSISTED_UNWRITTEN
booking-service	booking-service/src/main/java/com/pml/booking/domain/model/PaymentAttempt.java	450	PaymentAttempt	deviceFingerprint	PERSISTED_UNWRITTEN
booking-service	booking-service/src/main/java/com/pml/booking/domain/model/PaymentIntent.java	119	PaymentIntent	correspondent	PERSISTED
booking-service	booking-service/src/main/java/com/pml/booking/domain/model/PaymentIntent.java	137	PaymentIntent	webhookAttempts	PERSISTED
booking-service	booking-service/src/main/java/com/pml/booking/domain/model/PaymentIntent.java	139	PaymentIntent	lastWebhookAt	PERSISTED_UNWRITTEN
booking-service	booking-service/src/main/java/com/pml/booking/domain/model/PayoutRequest.java	222	PayoutRequest	failureCategory	PERSISTED
booking-service	booking-service/src/main/java/com/pml/booking/domain/model/PayoutRequest.java	227	PayoutRequest	lastRetryAt	PERSISTED
booking-service	booking-service/src/main/java/com/pml/booking/domain/model/PayoutRequest.java	241	PayoutRequest	updatedBy	PERSISTED_UNWRITTEN
booking-service	booking-service/src/main/java/com/pml/booking/domain/model/PayoutRequest.java	262	PayoutRequestHistory	performedBy	PERSISTED
booking-service	booking-service/src/main/java/com/pml/booking/domain/model/PayoutRequest.java	263	PayoutRequestHistory	performedAt	PERSISTED
booking-service	booking-service/src/main/java/com/pml/booking/domain/model/PayoutRequest.java	264	PayoutRequestHistory	comments	PERSISTED
booking-service	booking-service/src/main/java/com/pml/booking/domain/model/PayoutRequest.java	265	PayoutRequestHistory	previousStatus	PERSISTED
booking-service	booking-service/src/main/java/com/pml/booking/domain/model/PayoutRequest.java	266	PayoutRequestHistory	newStatus	PERSISTED
booking-service	booking-service/src/main/java/com/pml/booking/domain/model/ReconciliationItem.java	193	ReconciliationItem	adjustmentJournalEntryId	UNUSED
booking-service	booking-service/src/main/java/com/pml/booking/domain/model/RefundRequest.java	100	RefundRequest	supportingDocuments	PERSISTED_UNWRITTEN
booking-service	booking-service/src/main/java/com/pml/booking/domain/model/RefundRequest.java	144	RefundRequest	updatedBy	PERSISTED_UNWRITTEN
booking-service	booking-service/src/main/java/com/pml/booking/domain/model/RefundRequest.java	165	RefundRequestHistory	performedBy	PERSISTED
booking-service	booking-service/src/main/java/com/pml/booking/domain/model/RefundRequest.java	166	RefundRequestHistory	performedAt	PERSISTED
booking-service	booking-service/src/main/java/com/pml/booking/domain/model/RefundRequest.java	167	RefundRequestHistory	comments	PERSISTED
booking-service	booking-service/src/main/java/com/pml/booking/domain/model/RefundRequest.java	168	RefundRequestHistory	previousStatus	PERSISTED
booking-service	booking-service/src/main/java/com/pml/booking/domain/model/RefundRequest.java	169	RefundRequestHistory	newStatus	PERSISTED
booking-service	booking-service/src/main/java/com/pml/booking/domain/model/Ticket.java	99	Ticket	eventLocationCity	PERSISTED_UNWRITTEN
booking-service	booking-service/src/main/java/com/pml/booking/domain/model/Ticket.java	156	Ticket	paymentUrl	PERSISTED_UNWRITTEN
booking-service	booking-service/src/main/java/com/pml/booking/domain/model/Ticket.java	162	Ticket	originalBuyerId	PERSISTED_UNWRITTEN
booking-service	booking-service/src/main/java/com/pml/booking/domain/model/Ticket.java	163	Ticket	transferredToId	PERSISTED_UNWRITTEN
booking-service	booking-service/src/main/java/com/pml/booking/domain/model/Ticket.java	164	Ticket	transferredAt	PERSISTED_UNWRITTEN
booking-service	booking-service/src/main/java/com/pml/booking/domain/model/Ticket.java	165	Ticket	transferReason	PERSISTED_UNWRITTEN
booking-service	booking-service/src/main/java/com/pml/booking/domain/model/Ticket.java	185	Ticket	updatedBy	PERSISTED_UNWRITTEN
booking-service	booking-service/src/main/java/com/pml/booking/domain/model/TicketReservation.java	107	TicketReservation	promoCodeId	PERSISTED_UNWRITTEN
booking-service	booking-service/src/main/java/com/pml/booking/workflow/refund/CancellationRefundsWorkflow.java	32	Summary	escrowClosed	WRITE_ONLY
booking-service	booking-service/src/main/java/com/pml/booking/workflow/refund/RefundWorkflow.java	65	Evidence	providerRefundId	WRITE_ONLY
