module,verdict,file,key,bound_by
api-gateway,BOUND,backend/api-gateway/src/main/resources/application.yml,keycloak.client-id,placeholder
api-gateway,BOUND,backend/api-gateway/src/main/resources/application.yml,keycloak.trusted-issuers,placeholder
api-gateway,BOUND,backend/api-gateway/src/main/resources/application.yml,keycloak.expected-audiences,placeholder
api-gateway,BOUND,backend/api-gateway/src/main/resources/application.yml,security.debug.enabled,condition:security.debug.enabled
api-gateway,BOUND,backend/api-gateway/src/main/resources/application.yml,gateway.security.max-request-size,placeholder
api-gateway,BOUND,backend/api-gateway/src/main/resources/application.yml,gateway.security.max-graphql-size,placeholder
api-gateway,BOUND,backend/api-gateway/src/main/resources/application.yml,gateway.security.max-upload-size,placeholder
api-gateway,BOUND,backend/api-gateway/src/main/resources/application.yml,gateway.security.max-uri-length,placeholder
api-gateway,BOUND,backend/api-gateway/src/main/resources/application.yml,gateway.security.max-header-size,placeholder
api-gateway,BOUND,backend/api-gateway/src/main/resources/application.yml,gateway.security.auth-rate-limit.enabled,placeholder
api-gateway,BOUND,backend/api-gateway/src/main/resources/application.yml,gateway.security.auth-rate-limit.max-attempts,placeholder
api-gateway,BOUND,backend/api-gateway/src/main/resources/application.yml,gateway.security.auth-rate-limit.window-seconds,placeholder
api-gateway,BOUND,backend/api-gateway/src/main/resources/application.yml,gateway.security.auth-rate-limit.lockout-seconds,placeholder
booking-service,BOUND,backend/booking-service/src/main/resources/application.yml,security.debug.enabled,condition:security.debug.enabled
booking-service,BOUND,backend/booking-service/src/main/resources/application.yml,keycloak.client-id,placeholder
booking-service,BOUND,backend/booking-service/src/main/resources/application.yml,keycloak.trusted-issuers,placeholder
booking-service,BOUND,backend/booking-service/src/main/resources/application.yml,keycloak.expected-audiences,placeholder
booking-service,BOUND,backend/booking-service/src/main/resources/application.yml,services.catalog.url,placeholder
booking-service,BOUND,backend/booking-service/src/main/resources/application.yml,services.identity.url,placeholder
booking-service,BOUND,backend/booking-service/src/main/resources/application.yml,graphql.security.enabled,condition:graphql.security.enabled
booking-service,BOUND,backend/booking-service/src/main/resources/application.yml,graphql.security.max-depth,properties:graphql.security
booking-service,BOUND,backend/booking-service/src/main/resources/application.yml,graphql.security.max-complexity,properties:graphql.security
booking-service,BOUND,backend/booking-service/src/main/resources/application.yml,graphql.security.log-rejected-queries,properties:graphql.security
booking-service,BOUND,backend/booking-service/src/main/resources/application.yml,graphql.security.depth-exceeded-message,properties:graphql.security
booking-service,BOUND,backend/booking-service/src/main/resources/application.yml,graphql.security.complexity-exceeded-message,properties:graphql.security
booking-service,BOUND,backend/booking-service/src/main/resources/application.yml,booking.reservation.ttl-minutes,placeholder
booking-service,BOUND,backend/booking-service/src/main/resources/application.yml,booking.migrations.enabled,placeholder
booking-service,BOUND,backend/booking-service/src/main/resources/application.yml,booking.migrations.fail-fast,placeholder
booking-service,BOUND,backend/booking-service/src/main/resources/application.yml,booking.payment.timeout,placeholder
booking-service,BOUND,backend/booking-service/src/main/resources/application.yml,pawapay.api.url,properties:pawapay
booking-service,BOUND,backend/booking-service/src/main/resources/application.yml,pawapay.api.token,properties:pawapay
booking-service,BOUND,backend/booking-service/src/main/resources/application.yml,pawapay.api.version,properties:pawapay
booking-service,BOUND,backend/booking-service/src/main/resources/application.yml,pawapay.api.connect-timeout,properties:pawapay
booking-service,BOUND,backend/booking-service/src/main/resources/application.yml,pawapay.api.read-timeout,properties:pawapay
booking-service,BOUND,backend/booking-service/src/main/resources/application.yml,pawapay.webhook.verify-signature,properties:pawapay
booking-service,BOUND,backend/booking-service/src/main/resources/application.yml,pawapay.webhook.public-key-id,properties:pawapay
booking-service,BOUND,backend/booking-service/src/main/resources/application.yml,pawapay.webhook.public-key,properties:pawapay
booking-service,BOUND,backend/booking-service/src/main/resources/application.yml,pawapay.webhook.signature-max-age,properties:pawapay
booking-service,BOUND,backend/booking-service/src/main/resources/application.yml,pawapay.webhook.supported-digest-algorithms,properties:pawapay
booking-service,BOUND,backend/booking-service/src/main/resources/application.yml,pawapay.webhook.supported-signature-algorithms,properties:pawapay
booking-service,BOUND,backend/booking-service/src/main/resources/application.yml,pawapay.webhook.ip-allowlist-enabled,properties:pawapay
booking-service,BOUND,backend/booking-service/src/main/resources/application.yml,pawapay.webhook.allowed-ips,properties:pawapay
booking-service,BOUND,backend/booking-service/src/main/resources/application.yml,pawapay.webhook.allowed-cidrs,properties:pawapay
booking-service,BOUND,backend/booking-service/src/main/resources/application.yml,pawapay.providers.mtn.code,properties:pawapay
booking-service,BOUND,backend/booking-service/src/main/resources/application.yml,pawapay.providers.mtn.display-name,properties:pawapay
booking-service,BOUND,backend/booking-service/src/main/resources/application.yml,pawapay.providers.mtn.prefixes,properties:pawapay
booking-service,BOUND,backend/booking-service/src/main/resources/application.yml,pawapay.providers.mtn.enabled,properties:pawapay
booking-service,BOUND,backend/booking-service/src/main/resources/application.yml,pawapay.providers.airtel.code,properties:pawapay
booking-service,BOUND,backend/booking-service/src/main/resources/application.yml,pawapay.providers.airtel.display-name,properties:pawapay
booking-service,BOUND,backend/booking-service/src/main/resources/application.yml,pawapay.providers.airtel.prefixes,properties:pawapay
booking-service,BOUND,backend/booking-service/src/main/resources/application.yml,pawapay.providers.airtel.enabled,properties:pawapay
booking-service,BOUND,backend/booking-service/src/main/resources/application.yml,pawapay.providers.zamtel.code,properties:pawapay
booking-service,BOUND,backend/booking-service/src/main/resources/application.yml,pawapay.providers.zamtel.display-name,properties:pawapay
booking-service,BOUND,backend/booking-service/src/main/resources/application.yml,pawapay.providers.zamtel.prefixes,properties:pawapay
booking-service,BOUND,backend/booking-service/src/main/resources/application.yml,pawapay.providers.zamtel.enabled,properties:pawapay
booking-service,BOUND,backend/booking-service/src/main/resources/application.yml,payment.escrow.minimum-payout-amount,placeholder
booking-service,BOUND,backend/booking-service/src/main/resources/application.yml,payment.refund.cutoff-hours-before-event,properties:payment
booking-service,BOUND,backend/booking-service/src/main/resources/application.yml,payment.refund.allow-post-event-refund,properties:payment
booking-service,BOUND,backend/booking-service/src/main/resources/application.yml,payment.refund.require-approval,properties:payment
booking-service,BOUND,backend/booking-service/src/main/resources/application.yml,payment.refund.processing-fee-rate,properties:payment
booking-service,BOUND,backend/booking-service/src/main/resources/application.yml,payment.gateway.primary-providers.MTN,properties:payment.gateway
booking-service,BOUND,backend/booking-service/src/main/resources/application.yml,payment.gateway.primary-providers.AIRTEL,properties:payment.gateway
booking-service,BOUND,backend/booking-service/src/main/resources/application.yml,payment.gateway.primary-providers.ZAMTEL,properties:payment.gateway
booking-service,BOUND,backend/booking-service/src/main/resources/application.yml,payment.gateway.fallback.enabled,properties:payment.gateway
booking-service,BOUND,backend/booking-service/src/main/resources/application.yml,platform.security.public-paths,placeholder
booking-service,BOUND,backend/booking-service/src/main/resources/application.yml,platform.tenancy.platform-wide-authorities,properties:platform.tenancy
booking-service,BOUND,backend/booking-service/src/main/resources/application.yml,platform.tenancy.identity-url,condition:platform.tenancy.identity-url
booking-service,BOUND,backend/booking-service/src/main/resources/application.yml,platform.outbox.collection,condition:platform.outbox.collection
booking-service,BOUND,backend/booking-service/src/main/resources/application.yml,platform.outbox.binding,condition:platform.outbox.binding
booking-service,BOUND,backend/booking-service/src/main/resources/application.yml,platform.outbox.drain-interval,placeholder
booking-service,BOUND,backend/booking-service/src/main/resources/application.yml,platform.events.consumer.max-attempts,properties:platform.events.consumer
booking-service,BOUND,backend/booking-service/src/main/resources/application.yml,platform.events.consumer.initial-backoff,properties:platform.events.consumer
booking-service,BOUND,backend/booking-service/src/main/resources/application.yml,platform.events.consumer.max-backoff,properties:platform.events.consumer
booking-service,BOUND,backend/booking-service/src/main/resources/application.yml,platform.events.consumer.backoff-multiplier,properties:platform.events.consumer
booking-service,BOUND,backend/booking-service/src/main/resources/application.yml,platform.commission.rate,placeholder
booking-service,BOUND,backend/booking-service/src/main/resources/application.yml,notification.enabled,placeholder
booking-service,BOUND,backend/booking-service/src/main/resources/application.yml,notification.email.enabled,placeholder
booking-service,BOUND,backend/booking-service/src/main/resources/application.yml,notification.email.from,placeholder
booking-service,BOUND,backend/booking-service/src/main/resources/application.yml,notification.email.admin-recipients,placeholder
booking-service,BOUND,backend/booking-service/src/main/resources/application.yml,notification.slack.enabled,placeholder
booking-service,BOUND,backend/booking-service/src/main/resources/application.yml,notification.slack.webhook-url,placeholder
booking-service,BOUND,backend/booking-service/src/main/resources/application.yml,notification.slack.channel,placeholder
booking-service,BOUND,backend/booking-service/src/main/resources/application.yml,notification.sms.enabled,placeholder
booking-service,BOUND,backend/booking-service/src/main/resources/application.yml,notification.sms.provider-url,placeholder
booking-service,BOUND,backend/booking-service/src/main/resources/application.yml,notification.sms.api-key,placeholder
booking-service,BOUND,backend/booking-service/src/main/resources/application.yml,notification.sms.on-call-numbers,placeholder
booking-service,BOUND,backend/booking-service/src/main/resources/application.yml,mongodb.schema-validation.enabled,properties:mongodb.schema-validation
booking-service,BOUND,backend/booking-service/src/main/resources/application.yml,mongodb.schema-validation.validation-action,properties:mongodb.schema-validation
booking-service,BOUND,backend/booking-service/src/main/resources/application.yml,mongodb.schema-validation.validation-level,properties:mongodb.schema-validation
booking-service,BOUND,backend/booking-service/src/main/resources/application.yml,mongodb.schema-validation.fail-on-validation-error,properties:mongodb.schema-validation
booking-service,BOUND,backend/booking-service/src/main/resources/application.yml,mongodb.schema-validation.schema-base-path,properties:mongodb.schema-validation
booking-service,BOUND,backend/booking-service/src/main/resources/application.yml,mongodb.schema-validation.operation-timeout-ms,properties:mongodb.schema-validation
booking-service,BOUND,backend/booking-service/src/main/resources/application.yml,pml.security.revocation.enabled,condition:pml.security.revocation.enabled
booking-service,BOUND,backend/booking-service/src/main/resources/application.yml,pml.security.revocation.identity-url,condition:pml.security.revocation.identity-url
booking-service,BOUND,backend/booking-service/src/main/resources/application.yml,pml.security.revocation.access-token-lifespan,properties:pml.security.revocation
booking-service,BOUND,backend/booking-service/src/main/resources/application.yml,pml.security.revocation.clock-skew,properties:pml.security.revocation
booking-service,BOUND,backend/booking-service/src/main/resources/application.yml,pml.security.revocation.cache-timeout,properties:pml.security.revocation
booking-service,BOUND,backend/booking-service/src/main/resources/application.yml,pml.security.revocation.durable-timeout,properties:pml.security.revocation
booking-service,BOUND,backend/booking-service/src/main/resources/application.yml,pml.security.revocation.require-eviction-safe-cache,properties:pml.security.revocation
catalog-service,BOUND,backend/catalog-service/src/main/resources/application.yml,security.debug.enabled,condition:security.debug.enabled
catalog-service,BOUND,backend/catalog-service/src/main/resources/application.yml,keycloak.client-id,placeholder
catalog-service,BOUND,backend/catalog-service/src/main/resources/application.yml,keycloak.trusted-issuers,placeholder
catalog-service,BOUND,backend/catalog-service/src/main/resources/application.yml,keycloak.expected-audiences,placeholder
catalog-service,BOUND,backend/catalog-service/src/main/resources/application.yml,services.identity.url,placeholder
catalog-service,BOUND,backend/catalog-service/src/main/resources/application.yml,services.booking.url,placeholder
catalog-service,BOUND,backend/catalog-service/src/main/resources/application.yml,graphql.security.enabled,condition:graphql.security.enabled
catalog-service,BOUND,backend/catalog-service/src/main/resources/application.yml,graphql.security.max-depth,properties:graphql.security
catalog-service,BOUND,backend/catalog-service/src/main/resources/application.yml,graphql.security.max-complexity,properties:graphql.security
catalog-service,BOUND,backend/catalog-service/src/main/resources/application.yml,graphql.security.log-rejected-queries,properties:graphql.security
catalog-service,BOUND,backend/catalog-service/src/main/resources/application.yml,graphql.security.depth-exceeded-message,properties:graphql.security
catalog-service,BOUND,backend/catalog-service/src/main/resources/application.yml,graphql.security.complexity-exceeded-message,properties:graphql.security
catalog-service,BOUND,backend/catalog-service/src/main/resources/application.yml,catalog.migrations.enabled,placeholder
catalog-service,BOUND,backend/catalog-service/src/main/resources/application.yml,catalog.migrations.fail-fast,placeholder
catalog-service,BOUND,backend/catalog-service/src/main/resources/application.yml,catalog.export.base-url,placeholder
catalog-service,BOUND,backend/catalog-service/src/main/resources/application.yml,catalog.export.directory,placeholder
catalog-service,BOUND,backend/catalog-service/src/main/resources/application.yml,catalog.export.expiry-hours,placeholder
catalog-service,BOUND,backend/catalog-service/src/main/resources/application.yml,mongodb.schema-validation.enabled,properties:mongodb.schema-validation
catalog-service,BOUND,backend/catalog-service/src/main/resources/application.yml,mongodb.schema-validation.validation-action,properties:mongodb.schema-validation
catalog-service,BOUND,backend/catalog-service/src/main/resources/application.yml,mongodb.schema-validation.validation-level,properties:mongodb.schema-validation
catalog-service,BOUND,backend/catalog-service/src/main/resources/application.yml,mongodb.schema-validation.fail-on-validation-error,properties:mongodb.schema-validation
catalog-service,BOUND,backend/catalog-service/src/main/resources/application.yml,mongodb.schema-validation.schema-base-path,properties:mongodb.schema-validation
catalog-service,BOUND,backend/catalog-service/src/main/resources/application.yml,mongodb.schema-validation.operation-timeout-ms,properties:mongodb.schema-validation
catalog-service,BOUND,backend/catalog-service/src/main/resources/application.yml,platform.tenancy.identity-url,condition:platform.tenancy.identity-url
catalog-service,BOUND,backend/catalog-service/src/main/resources/application.yml,platform.outbox.collection,condition:platform.outbox.collection
catalog-service,BOUND,backend/catalog-service/src/main/resources/application.yml,platform.outbox.binding,condition:platform.outbox.binding
catalog-service,BOUND,backend/catalog-service/src/main/resources/application.yml,platform.outbox.drain-interval,placeholder
catalog-service,BOUND,backend/catalog-service/src/main/resources/application.yml,platform.events.consumer.max-attempts,properties:platform.events.consumer
catalog-service,BOUND,backend/catalog-service/src/main/resources/application.yml,platform.events.consumer.initial-backoff,properties:platform.events.consumer
catalog-service,BOUND,backend/catalog-service/src/main/resources/application.yml,platform.events.consumer.max-backoff,properties:platform.events.consumer
catalog-service,BOUND,backend/catalog-service/src/main/resources/application.yml,platform.events.consumer.backoff-multiplier,properties:platform.events.consumer
catalog-service,BOUND,backend/catalog-service/src/main/resources/application.yml,pml.security.revocation.enabled,condition:pml.security.revocation.enabled
catalog-service,BOUND,backend/catalog-service/src/main/resources/application.yml,pml.security.revocation.identity-url,condition:pml.security.revocation.identity-url
catalog-service,BOUND,backend/catalog-service/src/main/resources/application.yml,pml.security.revocation.access-token-lifespan,properties:pml.security.revocation
catalog-service,BOUND,backend/catalog-service/src/main/resources/application.yml,pml.security.revocation.clock-skew,properties:pml.security.revocation
catalog-service,BOUND,backend/catalog-service/src/main/resources/application.yml,pml.security.revocation.cache-timeout,properties:pml.security.revocation
catalog-service,BOUND,backend/catalog-service/src/main/resources/application.yml,pml.security.revocation.durable-timeout,properties:pml.security.revocation
catalog-service,BOUND,backend/catalog-service/src/main/resources/application.yml,pml.security.revocation.require-eviction-safe-cache,properties:pml.security.revocation
identity-service,BOUND,backend/identity-service/src/main/resources/application-local.yml,app.security.encryption.key,placeholder
identity-service,BOUND,backend/identity-service/src/main/resources/application.yml,security.debug.enabled,condition:security.debug.enabled
identity-service,BOUND,backend/identity-service/src/main/resources/application.yml,keycloak.server-url,properties:keycloak
identity-service,BOUND,backend/identity-service/src/main/resources/application.yml,keycloak.realm,properties:keycloak
identity-service,BOUND,backend/identity-service/src/main/resources/application.yml,keycloak.admin-username,properties:keycloak
identity-service,BOUND,backend/identity-service/src/main/resources/application.yml,keycloak.admin-password,properties:keycloak
identity-service,BOUND,backend/identity-service/src/main/resources/application.yml,keycloak.admin-realm,properties:keycloak
identity-service,BOUND,backend/identity-service/src/main/resources/application.yml,keycloak.client-id,placeholder
identity-service,BOUND,backend/identity-service/src/main/resources/application.yml,keycloak.client-secret,properties:keycloak
identity-service,BOUND,backend/identity-service/src/main/resources/application.yml,keycloak.trusted-issuers,placeholder
identity-service,BOUND,backend/identity-service/src/main/resources/application.yml,keycloak.expected-audiences,placeholder
identity-service,BOUND,backend/identity-service/src/main/resources/application.yml,graphql.security.enabled,condition:graphql.security.enabled
identity-service,BOUND,backend/identity-service/src/main/resources/application.yml,graphql.security.max-depth,properties:graphql.security
identity-service,BOUND,backend/identity-service/src/main/resources/application.yml,graphql.security.max-complexity,properties:graphql.security
identity-service,BOUND,backend/identity-service/src/main/resources/application.yml,graphql.security.log-rejected-queries,properties:graphql.security
identity-service,BOUND,backend/identity-service/src/main/resources/application.yml,graphql.security.depth-exceeded-message,properties:graphql.security
identity-service,BOUND,backend/identity-service/src/main/resources/application.yml,graphql.security.complexity-exceeded-message,properties:graphql.security
identity-service,BOUND,backend/identity-service/src/main/resources/application.yml,identity.otp.expiration-minutes,placeholder
identity-service,BOUND,backend/identity-service/src/main/resources/application.yml,identity.otp.length,placeholder
identity-service,BOUND,backend/identity-service/src/main/resources/application.yml,identity.otp.max-attempts,placeholder
identity-service,BOUND,backend/identity-service/src/main/resources/application.yml,identity.otp.cooldown-minutes,placeholder
identity-service,BOUND,backend/identity-service/src/main/resources/application.yml,identity.migrations.enabled,placeholder
identity-service,BOUND,backend/identity-service/src/main/resources/application.yml,identity.migrations.fail-fast,placeholder
identity-service,BOUND,backend/identity-service/src/main/resources/application.yml,messaging.whatsapp.api-url,placeholder
identity-service,BOUND,backend/identity-service/src/main/resources/application.yml,messaging.whatsapp.phone-number-id,placeholder
identity-service,BOUND,backend/identity-service/src/main/resources/application.yml,messaging.whatsapp.access-token,placeholder
identity-service,BOUND,backend/identity-service/src/main/resources/application.yml,messaging.whatsapp.otp-template,placeholder
identity-service,BOUND,backend/identity-service/src/main/resources/application.yml,messaging.twilio.account-sid,placeholder
identity-service,BOUND,backend/identity-service/src/main/resources/application.yml,messaging.twilio.auth-token,placeholder
identity-service,BOUND,backend/identity-service/src/main/resources/application.yml,messaging.twilio.from-number,placeholder
identity-service,BOUND,backend/identity-service/src/main/resources/application.yml,mongodb.schema-validation.enabled,properties:mongodb.schema-validation
identity-service,BOUND,backend/identity-service/src/main/resources/application.yml,mongodb.schema-validation.validation-action,properties:mongodb.schema-validation
identity-service,BOUND,backend/identity-service/src/main/resources/application.yml,mongodb.schema-validation.validation-level,properties:mongodb.schema-validation
identity-service,BOUND,backend/identity-service/src/main/resources/application.yml,mongodb.schema-validation.fail-on-validation-error,properties:mongodb.schema-validation
identity-service,BOUND,backend/identity-service/src/main/resources/application.yml,mongodb.schema-validation.schema-base-path,properties:mongodb.schema-validation
identity-service,BOUND,backend/identity-service/src/main/resources/application.yml,mongodb.schema-validation.operation-timeout-ms,properties:mongodb.schema-validation
identity-service,BOUND,backend/identity-service/src/main/resources/application.yml,pml.security.revocation.enabled,condition:pml.security.revocation.enabled
identity-service,BOUND,backend/identity-service/src/main/resources/application.yml,pml.security.revocation.access-token-lifespan,properties:pml.security.revocation
identity-service,BOUND,backend/identity-service/src/main/resources/application.yml,pml.security.revocation.clock-skew,properties:pml.security.revocation
identity-service,BOUND,backend/identity-service/src/main/resources/application.yml,pml.security.revocation.cache-timeout,properties:pml.security.revocation
identity-service,BOUND,backend/identity-service/src/main/resources/application.yml,pml.security.revocation.durable-timeout,properties:pml.security.revocation
identity-service,BOUND,backend/identity-service/src/main/resources/application.yml,pml.security.revocation.require-eviction-safe-cache,properties:pml.security.revocation
identity-service,BOUND,backend/identity-service/src/main/resources/application.yml,file-upload.presigned-url.default-expiry-minutes,placeholder
identity-service,BOUND,backend/identity-service/src/main/resources/application.yml,file-storage.type,condition:file-storage.type
identity-service,BOUND,backend/identity-service/src/main/resources/application.yml,file-storage.local.base-path,placeholder
identity-service,BOUND,backend/identity-service/src/main/resources/application.yml,aws.s3.region,placeholder
identity-service,BOUND,backend/identity-service/src/main/resources/application.yml,aws.s3.bucket.verification-documents,placeholder
identity-service,BOUND,backend/identity-service/src/main/resources/application.yml,app.security.encryption.key,placeholder
identity-service,BOUND,backend/identity-service/src/main/resources/application.yml,platform.events.consumer.max-attempts,properties:platform.events.consumer
identity-service,BOUND,backend/identity-service/src/main/resources/application.yml,platform.events.consumer.initial-backoff,properties:platform.events.consumer
identity-service,BOUND,backend/identity-service/src/main/resources/application.yml,platform.events.consumer.max-backoff,properties:platform.events.consumer
identity-service,BOUND,backend/identity-service/src/main/resources/application.yml,platform.events.consumer.backoff-multiplier,properties:platform.events.consumer
identity-service,BOUND,backend/identity-service/src/main/resources/application.yml,platform.outbox.collection,condition:platform.outbox.collection
identity-service,BOUND,backend/identity-service/src/main/resources/application.yml,platform.outbox.binding,condition:platform.outbox.binding
identity-service,BOUND,backend/identity-service/src/main/resources/application.yml,platform.outbox.drain-interval,placeholder
